I,f0,Ql,Qi,Qc,phi,delay,npoints
-0.66,5444620114.720506,117.21707514244463,324.3786837800385,183.54134630113134,-0.3145251255734282,,901
-0.65,5445307601.215365,115.13285943685183,324.21287447836806,178.532392479136,-0.3363424915077009,,901
-0.64,5444605067.088689,116.52617379947526,320.4064229861638,183.12580389857388,-0.326069882599414,,901
-0.63,5444654078.258198,111.70575527845985,312.0031891012801,174.0039860853964,-0.32611542244915903,,901
-0.62,5444125333.714486,118.03585581308617,341.6177007532968,180.35067954688904,-0.3068322788672129,,901
-0.6100000000000001,5446021955.894258,113.32612576943872,306.0586520910901,179.96153509561165,-0.36279874770716125,,901
-0.6000000000000001,5445638561.487799,114.61094817435404,313.1914892880771,180.75876592001086,-0.3838350679477274,,901
-0.5900000000000001,5446430064.562061,112.00916039154384,303.6666063135722,177.46997226484137,-0.37894340157640904,,901
-0.5800000000000001,5445228231.653614,117.85708718542139,328.8136963755379,183.70140016124256,-0.357123485130066,,901
-0.57,5442733727.804572,122.08652547317469,368.17448829117836,182.6547854214897,-0.27522328898340037,,901
-0.5599999999999999,5443473626.026005,117.36938737391162,327.74224919630535,182.85108959155454,-0.30187266975294924,,901
-0.55,5441257578.551789,123.16244134150222,362.76471846730016,186.4714680300709,-0.22686601260700776,,901
-0.54,5443320211.6067705,123.3390778239906,369.2500921564307,185.2010003562893,-0.29636847532293786,,901
-0.53,5444570206.819474,115.58836058446794,328.689671274885,178.2846859112262,-0.33160563207605537,,901
-0.5200000000000001,5432756502.817518,121.76263514145622,364.5843113375782,182.8203609130905,0.07871377988640282,,901
-0.5100000000000001,5441994518.05199,117.51961306349257,346.1961246846033,177.91435739768957,-0.2524318288377211,,901
-0.5,5442098375.240129,118.8738736629412,353.36513355071156,179.13623843677595,-0.2592249810273327,,901
-0.49,5444593390.542894,118.97891864028111,338.3136013083118,183.51947788341786,-0.366111029329296,,901
-0.48,5444811066.635352,111.92056093410692,311.1171766958948,174.8042194335304,-0.3728255852885054,,901
-0.47000000000000003,5443944484.831218,113.93166257170654,320.94530030554586,176.63489255427572,-0.3492160438099423,,901
-0.46,5443952570.221994,115.15970291799911,324.8724632509971,178.39742462412602,-0.36489882287870634,,901
-0.44999999999999996,5432310226.460378,120.19015869375443,355.4448308594854,181.59456828037148,0.040841481878286366,,901
-0.43999999999999995,5431104642.018092,124.85565576817645,368.886825759976,188.73657220120927,0.08701755291142158,,901
-0.42999999999999994,5443890704.920923,111.96443378168003,300.22646177427794,178.55265959504,-0.38878175020583605,,901
-0.42,5442977575.362248,116.45824286348848,326.2083721237837,181.11861937281822,-0.36502521718157516,,901
-0.4100000000000001,5443384916.361978,114.10898632755337,320.77141495991367,177.1144433275051,-0.35930358378009764,,901
-0.4000000000000001,5443415430.017478,113.5480314028209,318.21527019061983,176.54372876904057,-0.3830694021172851,,901
-0.39000000000000007,5443272196.831119,116.34472254128599,340.51198363891086,176.72862693896627,-0.3864727052351844,,901
-0.38,5440417495.9360285,113.15150815178455,326.60882794791337,173.13194737612994,-0.28166818758769174,,901
-0.37,5442654181.869722,117.09051677313234,320.8250530465636,184.3848958655352,-0.4059534668311511,,901
-0.36,5441065487.889878,111.96521659234132,314.31391017849575,173.9187162883121,-0.3431002541744862,,901
-0.35000000000000003,5441905995.687218,116.06633894231805,323.86917524489047,180.89411162901015,-0.3883873301020778,,901
-0.34,5438077299.043476,117.29900199776237,336.4445821018242,180.0840048398801,-0.25228971618725576,,901
-0.33,5438270230.762485,115.78464893144611,334.51226562661975,177.07588014739912,-0.2795089312491574,,901
-0.31999999999999995,5440377962.868596,113.43904462115309,322.3856829322522,175.02614144441125,-0.36257349630748326,,901
-0.30999999999999994,5439145761.109036,115.75709702979444,334.45966093239707,177.02617990498513,-0.31822627772367024,,901
-0.29999999999999993,5437736545.93734,116.42403459373836,333.52455458076,178.85850426656216,-0.2738769331356288,,901
-0.29000000000000015,5439299646.790117,112.37204013505804,304.6130569676928,178.05768626909088,-0.32137789477038314,,901
-0.2800000000000001,5438581245.628115,115.86717406246724,324.75291782031707,180.13772591393874,-0.3323617410379421,,901
-0.2700000000000001,5438915159.9034395,112.8517849881267,307.45274985192094,178.2960924401492,-0.3852768985287557,,901
-0.26000000000000006,5436865231.029031,120.43249877808887,348.6220215110659,183.99364123644204,-0.33814565013423403,,901
-0.25,5436539339.760494,118.05632294353516,340.15411785007944,180.80928900883487,-0.34191143524422435,,901
-0.24,5436038042.820912,113.97738199009643,328.38635977969284,174.56646617510907,-0.33016493329614216,,901
-0.22999999999999998,5436949341.173936,114.11188445865082,319.8358650845947,177.40796756517383,-0.37300504227059633,,901
-0.22000000000000003,5436238268.632948,115.10707525849914,327.90609113585606,177.37070331118704,-0.37792890758663844,,901
-0.21,5434592502.060063,115.36345354667684,326.5196670473708,178.39132373612082,-0.3412374634948462,,901
-0.19999999999999998,5432697617.912798,117.67926824699079,342.89718320812807,179.1682052062768,-0.31402063717429146,,901
-0.18999999999999995,5432451682.524653,121.66523764370592,365.6773648954421,182.32791952602255,-0.3257686778620434,,901
-0.17999999999999994,5432474434.5037565,119.42561674522192,347.24725180435036,182.0293195554268,-0.3396984605642074,,901
-0.1699999999999999,5431463701.12822,118.0694602630322,346.05830727164687,179.21454533939556,-0.3400352283395343,,901
-0.16000000000000011,5430232908.632949,121.5196069546416,366.83862099203344,181.71475706298085,-0.3488482754433296,,901
-0.15000000000000008,5429932466.214053,114.41128711911655,332.9390244420307,174.31188729286094,-0.33545587954253275,,901
-0.14000000000000004,5418644467.192001,133.613802925172,398.649303809849,200.9732633466451,0.0264233144882315,,901
-0.13000000000000003,5427979240.4365835,114.69702272326857,330.2774271473546,175.72022683463527,-0.3171074735996628,,901
-0.12,5425388898.850159,122.33364748071881,384.62121423519784,179.39133226203992,-0.2649889318559662,,901
-0.10999999999999997,5425558580.733667,116.61118577004193,349.85450174448613,174.91154301665708,-0.2967063989059865,,901
-0.10000000000000005,5413776576.102479,129.60233356064313,379.96526204405427,196.69199801740453,0.10305817840250743,,901
-0.09000000000000002,5424403072.2912655,122.65256758204916,373.79158025861074,182.5542617638434,-0.30379984324963955,,901
-0.07999999999999999,5422277162.023799,123.52404304923995,372.457164030096,184.8183744387697,-0.26693383715199054,,901
-0.06999999999999997,5421430191.127902,116.95035884572903,344.98632498373524,176.9294343651903,-0.2668059341155229,,901
-0.05999999999999994,5421149735.549043,113.76720752826799,329.0867142636129,173.87777393732335,-0.31612970951172664,,901
-0.04999999999999992,5420567916.7497015,109.5811185989955,321.5313819786148,166.23602131973345,-0.3451163149798179,,901
-0.040000000000000105,5416648874.7963085,116.22072298617509,349.7124866249594,174.06968622551742,-0.2446012878125711,,901
-0.030000000000000075,5415285132.882172,119.82475744219506,382.1286808715091,174.56268247346162,-0.24982697321749617,,901
-0.020000000000000052,5413367507.525686,120.68663897028914,387.86938347884745,175.20088109597538,-0.23282552038625046,,901
-0.010000000000000026,5413776478.575965,119.97695431761314,380.0768321736735,175.31903938885853,-0.3111496102797894,,901
0.0,5411295538.666556,122.6632496725471,408.4547007006769,175.31098551664223,-0.2683098700117559,,901
0.010000000000000026,5400078814.080785,153.07215376534282,500.3766764750518,220.53768538453625,0.08546115291539388,,901
0.020000000000000052,5409286885.970868,118.35157550257418,400.3602092509483,168.0206059778593,-0.286288212513285,,901
0.030000000000000075,5407052375.893361,117.4803771703571,386.4244022843565,168.79826390994594,-0.2637864312923019,,901
0.040000000000000105,5404476571.914936,122.47469306535857,407.8448511444369,175.03817952947983,-0.2402113598452062,,901
0.05000000000000013,5402996550.017559,120.07852387269313,395.6286716193143,172.40602945873118,-0.2406855345764764,,901
0.05999999999999994,5400647390.7715645,126.56542262833835,457.1590215676331,175.02010008272958,-0.2413565664632016,,901
0.06999999999999997,5398756468.137744,127.11134949763317,442.6057563077899,178.3239695071911,-0.23122632880723565,,901
0.07999999999999999,5395478172.118979,124.46625210999564,429.88478657906245,175.18959128533317,-0.2306046553583549,,901
0.09000000000000002,5392199648.850777,130.38077126940857,478.5836984617192,179.20042265452545,-0.24503688862943285,,901
0.10000000000000005,5387711535.369709,139.03748459370766,505.55862649188276,191.78047786833858,-0.23753718021962386,,901
0.11000000000000007,5385527370.261153,134.95921167173952,503.6451991580853,184.36165557593577,-0.25719853084803745,,901
0.12000000000000009,5380243109.72456,152.85831878472652,621.5918588424314,202.706822518461,-0.17261755344478033,,901
0.13000000000000014,5376909439.493409,148.57652319302852,597.3342490961111,197.76783950898658,-0.19199389304234132,,901
0.14000000000000015,5372675799.91402,151.95029492460588,588.5360194474671,204.83542339028867,-0.17601048770333527,,901
0.1500000000000002,5369458384.915114,150.39467281316772,587.7317055193325,202.11349815622202,-0.18218813420659746,,901
0.15999999999999998,5365758022.146998,145.45398704873733,547.15517364199,198.12214700066917,-0.19905985788063393,,901
0.17,5361952306.162288,127.67540770635163,430.69860374389094,181.4700014738984,-0.2692190968154179,,901
0.17999999999999983,5355061617.0810995,127.29660520319544,478.0415238659719,173.49663500843957,-0.22772952910616678,,901
0.18999999999999984,5348821858.761779,147.71863797973072,610.7537758581893,194.8442105800426,-0.18650640499876708,,901
0.19999999999999987,5342493907.705223,159.968439956102,648.5519763508274,212.3441339281457,-0.1898159268165161,,901
0.2099999999999999,5335982736.928421,163.97824166077757,711.1547852222358,213.11935352779284,-0.15867703012841167,,901
0.21999999999999995,5331885054.766577,160.3615199393205,760.9729695529923,203.1775819604327,-0.19757855545161238,,901
0.22999999999999998,5327476153.5719795,168.4726245235258,843.4224586096369,210.52467606936523,-0.1924848954298892,,901
0.24,5244118490.723766,70060.35277095073,303670.74292129796,91071.6315382653,-0.2181593481269335,,901
0.25,5313230470.092284,148.3483216966511,649.341305216606,192.2755328036636,-0.18383716951156404,,901
0.26000000000000006,5304408652.048458,137.1123061402021,592.7813681244012,178.3698460162282,-0.16177015242499285,,901
0.2700000000000001,5292609521.288385,137.60558838703938,524.0043390602866,186.61014112524344,-0.14457463987059307,,901
0.2800000000000001,5280301507.333669,157.71487271376583,647.1102910960741,208.54081047456475,-0.14512694836145906,,901
0.29000000000000015,5269516627.460636,156.7826886073018,696.7772146474686,202.3031712447605,-0.1252468636154277,,901
0.29999999999999993,5254233726.703513,142.3261427299049,571.1752738556902,189.56124112265826,-0.13724219792074754,,901
0.30999999999999994,5227873938.677,75.23271601341253,220.50171674638202,114.1946523535599,0.013048566612436793,,901
0.31999999999999995,5218409444.109552,136.82166480975155,724.2664394647087,168.68877601574965,-0.04477597434229176,,901
0.33,5174225748.332483,62.91365451462482,146.3850198631748,110.33264554056149,0.1949798691257825,,901
0.34,5143510133.790293,95.70784490362561,242.55161645092423,158.08700800722383,0.20918197375892786,,901
0.35000000000000003,5114075220.036073,97.63728089206897,196.02117532983567,194.53361412298162,0.17111133647239,,1201
0.3600000000000001,5096722447.482762,40.26292223548385,72.73970942141581,90.17866352047267,-0.2269822433965524,,1201
0.3700000000000001,5049186635.517246,90.2496820159256,158.19576640545762,210.12421455382312,0.16120800218267722,,1201
0.3800000000000001,5031584130.271685,39.26695586508812,70.0224414715034,89.40090083486469,-0.08692495701240699,,1201
0.3900000000000002,4987698489.315239,56.61181360666609,87.71912596706929,159.63895406497997,0.052386979215551785,,1201
0.4000000000000002,4919369148.498851,50.530836169879116,72.04674578849036,169.20420156729207,0.240551280782024,,1201
0.41,4907150528.794992,56.1551643036318,84.33160118215227,168.07146129900502,-0.015426888808318296,,1201
0.4199999999999998,4882451470.794694,54.16811048852238,81.94392066688508,159.80622419447263,0.061976501079742494,,1201
0.4299999999999998,4868237924.732993,41.180635723939886,63.36100199955062,117.63765800912029,0.14023516631895142,,1201
0.4399999999999999,4862204760.343534,50.05572158844078,78.05411999649957,139.54567123564334,0.02554118897811833,,1201
0.4499999999999999,4860872050.509163,52.290688740128644,80.97144046535234,147.62696706062619,0.06833196820412597,,1201
0.45999999999999996,4884491837.94514,38.30793046628639,58.56191045121732,110.76270417997918,0.11654202513179066,,1201
0.47,4934839777.159131,25.844641046212505,39.05386090453327,76.41125118457123,0.0520003812309306,,1201
0.48,5043946345.231082,48.22722479323889,77.69510116933175,127.15606179435237,-0.3324495635333898,,1201
0.49,5048131768.458618,63.76500530676268,120.52556932398127,135.39882311974353,-0.17542498287944908,,1201
0.5,5109706588.194468,76.3391641334609,138.94191146079774,169.42881641539367,-0.36296513130312374,,1201
0.5100000000000001,5163281144.414143,91.71222952250862,169.57239509090562,199.74093691846787,-0.4809010708758547,,1201
0.5200000000000001,5194497297.294743,107.39225506953082,228.45681887966148,202.65627028546865,-0.4710767699604387,,1201
0.5300000000000001,5201256554.179836,152.41668565722085,527.6106628724193,214.33358059023215,-0.37430161108278653,,1201
0.5400000000000001,5229980031.656141,154.85989409612355,417.81274109447924,246.06098612922318,-0.49687112641743464,,901
0.5499999999999999,5241611763.803217,160.39860099628828,523.0019859475398,231.35136169659268,-0.391344822310221,,901
0.5599999999999999,5255035877.966135,146.90834819712077,489.7092967033932,209.86635010478346,-0.3191366029587885,,901
0.57,5269418116.806561,164.71536829170228,554.2124950118048,234.37224299046716,-0.30741917286484916,,901
0.5800000000000001,5286536688.115873,145.80365458843806,430.42134348225574,220.49579959870672,-0.3272577670850821,,901
0.5900000000000001,5298844924.4984665,150.67747744163927,491.4622690760914,217.29929498016716,-0.28377485351359294,,901
0.6000000000000001,5308871714.003462,164.14517530233945,608.8146236283536,224.7376866081347,-0.2961132511594974,,901
0.6100000000000001,5315809145.60761,167.51592564970198,637.8933172038833,227.17352367659217,-0.2510518167899168,,901
0.6200000000000001,5323886471.692506,139.54925034369725,501.66134032467585,193.32815972093135,-0.2298524183090214,,901
0.6300000000000001,5330557314.848025,142.95519233748576,550.6450937014619,193.08198465653953,-0.208882884001419,,901
0.6400000000000002,5337050836.879473,141.86110742651215,577.3929147720739,188.06800543226234,-0.2257950335114446,,901
0.6500000000000002,5344053554.534256,136.9750006232577,527.5354532154475,185.0140446975236,-0.2270478129765151,,901
0.6600000000000003,5348505117.702802,148.91063353532448,580.2800362775087,200.31524554287716,-0.20690145131721982,,901
0.6699999999999998,5354297497.031552,141.39028093823296,564.9443189260392,188.5890082571022,-0.20069211764546607,,901
0.6799999999999998,5359335845.138329,140.85651475480637,525.3273157228426,192.46136406694038,-0.1851125716325483,,901
0.6899999999999998,5366886867.085283,123.75668400873523,430.16720231230227,173.7409891221268,-0.237021520885258,,901
0.6999999999999998,5371599344.987989,126.49243664123898,434.1642255809629,178.49699832879912,-0.2536556237789881,,901
0.7099999999999999,5374894338.571982,130.4567672699698,468.9117614030385,180.7410544619023,-0.2430268695880169,,901
0.72,5378210858.731107,132.15763260205276,488.9867160007031,181.10442720922467,-0.2660984742549547,,901
0.73,5380108012.917044,137.6067469837908,512.970707872125,188.0527641524292,-0.232290567454657,,901
0.74,5381469766.808095,142.41182566958878,548.2992071733624,192.3792033579656,-0.1965341646449324,,901
0.75,5384236589.77041,133.53707876405784,495.9194182068879,182.74519258178822,-0.22819226764162728,,901
0.76,5386410056.174525,135.72670922098231,485.9488346877145,188.32686853817822,-0.24434085499947983,,901
0.77,5388467983.644038,138.1404409462445,530.5274529064964,186.772992083681,-0.22091903744414923,,901
0.7800000000000001,5390250177.613321,134.3701572256755,521.964055490786,180.95329290884635,-0.20623791224461263,,901
0.7900000000000001,5393409612.211268,127.61666928914947,453.92426508722184,177.52667595210912,-0.22024659358612708,,901
0.7999999999999999,5310532356.029361,784925.9638886158,2854520.848770142,1082621.3115564962,-0.26907272454678566,,901
0.8099999999999999,5396883414.131073,142.74048617215675,515.7031194555384,197.37021197952097,-0.17282443399599454,,901
0.82,5401598386.083782,123.71082727795438,416.485242151802,175.9844140679418,-0.2403859454660055,,901
0.83,5403220920.449586,124.69070720878953,410.70100542303595,179.05159058013396,-0.24053563807262357,,901
0.84,5404170139.885114,124.43655807391053,435.1270284804217,174.27541204655301,-0.22102767493462244,,901
0.8500000000000001,5403036634.802874,136.61889689637235,478.0194923489325,191.2899292196748,-0.11428899897504488,,901
0.8600000000000001,5408321907.688079,126.18988504226981,423.5715114181009,179.7368619723665,-0.21483933889903725,,901
0.8700000000000001,5409739049.919938,131.10479084782637,419.26115833625033,190.7545786802705,-0.22775663318127795,,901
0.8800000000000001,5411085245.898611,124.42508918264735,398.2836713143801,180.95646642706294,-0.25229540194619865,,901
0.8900000000000001,5411714399.557369,124.69644938091086,404.2328117917486,180.3214290941162,-0.20733760416630848,,901
0.9000000000000001,5415751808.356365,119.37698727785803,371.1371271721432,175.98191726209564,-0.2631818571859827,,901
0.9100000000000003,5407586498.723416,140.6972774891136,450.7987519705977,204.53355535895847,0.08408073345088278,,901
0.9199999999999999,5408641586.061949,140.57263716719996,446.24372572941326,205.2194652760983,0.09074672341035736,,901
0.9299999999999999,5409943655.876653,139.90297231343592,441.5789153369468,204.78332527087616,0.10087086209455931,,901
0.94,5422041470.726888,117.01065860521312,376.8889287047641,169.69491813172516,-0.2913982744356522,,901
0.95,5424047296.796452,113.0065488893019,338.31633048951187,169.68620123804075,-0.333324276729763,,901
0.96,5423662046.124655,118.14587968554618,363.4994982737798,175.03702711181427,-0.3068156992680096,,901
0.9700000000000001,5425223165.848933,116.89015749141345,355.8939026934983,174.05791821756736,-0.33942986460474156,,901
0.98,5426086486.620123,124.44825446471309,374.3221784025272,186.4289837670964,-0.3473660526323281,,901
0.9900000000000001,5427650118.2850685,116.47615261293198,332.48776275512495,179.2815458905458,-0.3504044292593886,,901
1.0,5427577687.602148,123.94634671623588,374.48204199113076,185.26574013618335,-0.33503441309522664,,901
1.01,5428120065.751779,118.32407332713748,353.41291473270627,177.87852195608104,-0.30560862035059905,,901
1.0200000000000002,5428981207.334208,118.32749214549983,360.93061241514454,176.0406632781764,-0.30386163100363517,,901
1.03,5417438184.430343,124.54008882763834,358.27499279810183,190.8983154413068,0.0964512540966954,,901
1.0400000000000003,5430285227.7295685,116.50566687648944,341.03125050470095,176.96011574148736,-0.2928736604767075,,901
1.0499999999999996,5430502963.243181,119.40048490430443,341.7735425820378,183.51111028430773,-0.2938286151309424,,901
1.0600000000000003,5431493065.357795,120.86773982937916,356.6812366926073,182.81928512169856,-0.3029111382969004,,901
1.0699999999999996,5431256725.098795,121.2819671661083,353.87603422567423,184.52225418475356,-0.2794674966053187,,901
1.0800000000000003,5431961390.205812,125.26088065763109,382.9818842024744,186.14178678213017,-0.31982327399996274,,901
1.0899999999999999,5432859644.716575,118.44745164008393,343.6706300080731,180.7403244327186,-0.3239636640006021,,901
1.1000000000000003,5431833904.231268,122.2279399477979,370.19068028999084,182.47759392107426,-0.2739498598045973,,901
1.1099999999999999,5434799050.48473,115.40256326248128,341.6757746324731,174.25951555885544,-0.30691615785441784,,901
1.1199999999999999,5436723455.016254,113.65344779697041,329.8958703006241,173.38782390404734,-0.36981017346739026,,901
1.13,5435614235.751125,119.90434331913238,349.8563861847521,182.42629949585606,-0.3193285347108481,,901
1.14,5437449041.554988,119.17594654486129,345.94609209123956,181.8072342773944,-0.35110594004824514,,901
1.15,5437144105.462779,119.67393497109703,354.7744750560025,180.5919180020764,-0.3220748274833694,,901
1.1600000000000001,5437972840.186097,116.72404769906369,339.2644043948077,177.94666598524105,-0.31280558145705967,,901
1.17,5438149946.318969,117.34461233871397,338.6073440019423,179.57722576355968,-0.31787282422536406,,901
1.1800000000000002,5435702667.33991,122.69134700457447,355.33638025620706,187.39578715273424,-0.25128767908820765,,901
1.19,5438556506.7582655,121.14725254579614,349.02820540272546,185.55218246817262,-0.3467279052726246,,901
1.2000000000000002,5426523868.390501,130.43225331992335,391.1746387308865,195.67892458627188,0.10149814885752513,,901
1.21,5441722098.258313,111.8215535822459,314.0195668825429,173.6622197760157,-0.4003047793137441,,901
1.2200000000000002,5442060313.840925,113.93657959646805,315.9352555627099,178.2020709817273,-0.4140444353779496,,901
1.2299999999999998,5440630358.574886,116.96047428838625,328.31647660351985,181.68422187974934,-0.3508864518398148,,901
1.2400000000000002,5439303162.982151,118.99293994552114,356.84211576275726,178.52360557943723,-0.30710759091692524,,901
1.25,5442926680.098982,111.63742873554266,311.3867085414469,174.03022187498993,-0.39813033148919397,,901
1.2600000000000002,5443789848.639265,111.52742562976728,300.87319789902324,177.2187084006099,-0.42815430688287365,,901
1.27,5443920593.569766,114.63928296335776,303.8088935334572,184.11220284063793,-0.41462030078855283,,901
1.2800000000000005,5443325848.918998,119.12214530056498,341.94595127058767,182.80513213060755,-0.379374289444009,,901
1.29,5442900814.225593,118.63739109599824,342.06698980780584,181.63186741969864,-0.37229996632705864,,901
1.3000000000000005,5443813751.271318,112.7328184204799,326.4702134816525,172.19217669228632,-0.38153317634959,,901
1.31,5442963182.628783,111.42891850835923,312.6368966161768,173.13822047892634,-0.3458145416237509,,901
1.32,5442238001.499125,112.18104435285541,315.5193457997011,174.07094223511456,-0.3133040910320546,,901
1.33,5443002472.547175,116.25511126609464,333.0320989052427,178.601447206466,-0.328295176254205,,901
1.34,5443087667.03572,113.83151582759092,324.7285519073223,175.27199046142286,-0.33582387566998273,,901
1.3500000000000003,5444038544.573894,118.91354410907664,332.0467578244881,185.25905040572772,-0.35685474520519644,,901
1.3599999999999997,5444226758.310605,113.81785464082846,316.534027138329,177.72249468724846,-0.3506454240101082,,901
1.3700000000000003,5444421504.679526,112.2058875124789,308.85692826951254,176.22874314546013,-0.3557902427581366,,901
1.3799999999999997,5445912418.878361,113.67127588937747,308.7025145011849,179.92301614539568,-0.3814106963332969,,901
1.3900000000000003,5445112250.696619,114.50720197635384,308.6697139146024,182.0377421077238,-0.3751199709953843,,901
1.3999999999999997,5441627247.703074,118.25188757728904,328.1681276693576,184.8665949932502,-0.24780699871469983,,901
1.4100000000000004,5442909020.551255,119.39689939113254,334.166533989901,185.7732268028195,-0.2853921819498601,,901
1.4199999999999997,5444721795.679161,116.40287145530789,310.10640202525065,186.3532148650188,-0.32738831043443417,,901
1.4300000000000004,5432507664.270327,121.96403990027126,347.8002055850281,187.83137777191752,0.08899737865087394,,901
1.44,5442028841.881386,119.73384557702626,338.3030995191578,185.32492720490617,-0.2503164383348794,,901
1.4500000000000004,5431273574.939324,122.52120346081786,351.6566012035914,188.03463109079456,0.15346392000575843,,901
1.46,5444416822.850001,123.61912454082757,369.5930238052444,185.74639901157596,-0.31984052264275126,,901
1.4700000000000004,5445779536.597023,110.96314413435478,296.57918693514813,177.2980318433657,-0.34674762837131,,901
1.48,5434493838.235092,123.95820959119446,370.4588144106767,186.29330096473115,0.05226554527406066,,901
1.4900000000000002,5444732003.7365265,113.78990484803778,313.1851125700193,178.72698429570033,-0.3239992137819526,,901
